filename,start,end,content,techniques,persuasion_strategies,Attack_on_Reputation,Justification,Distraction,Simplification,Call,Manipulative_Wording
RU_demography_7.txt,1488,1534,"–ù–æ —Å—Ç–∞–ª–∞ —Ç–µ–º, –∫–æ–≥–æ —Å–µ–π—á–∞—Å –Ω–∞–∑—ã–≤–∞—é—Ç –∏–Ω–æ–∞–≥–µ–Ω—Ç–æ–º.",['Loaded_Language'],['Manipulative_Wording'],False,False,False,False,False,True
RU_URW_10.txt,87,226,"¬´–•—É–¥—à–∏–π –∫–æ—à–º–∞—Ä –£–∫—Ä–∞–∏–Ω—ã —Å–±—ã–≤–∞–µ—Ç—Å—è: –í–ª–∞–¥–∏–º–∏—Ä –ü—É—Ç–∏–Ω –ø—Ä–µ–¥—Å—Ç–∞–≤–∏–ª –∑–∞–∫–æ–Ω–æ–ø—Ä–æ–µ–∫—Ç –æ –ø—Ä–µ–∫—Ä–∞—â–µ–Ω–∏–∏ –≤–æ–π–Ω—ã, –∞ –î–æ–Ω–∞–ª—å–¥ –¢—Ä–∞–º–ø –∑–∞—Å—Ç–∞–≤–ª—è–µ—Ç –ö–∏–µ–≤ –µ–≥–æ –æ–ø–ª–∞—Ç–∏—Ç—å.",[],[],False,False,False,False,False,False
RU_discrediting_the_west_12.txt,2127,2307,"–¢–æ–≥–¥–∞ –æ–Ω –ø–æ–¥–ø–∏—Å–∞–ª—Å—è —Ç–æ –ª–∏ —á–µ—Ä–µ–∑ –°–∞–º–∞—Ä—É, —Ç–æ –ª–∏ —á–µ—Ä–µ–∑ –ù–∏–∂–Ω–∏–π –ù–æ–≤–≥–æ—Ä–æ–¥ (–¥–∞–ª—å–Ω–∏–µ —Ä–æ–¥—Å—Ç–≤–µ–Ω–Ω–∏–∫–∏ –Ω–µ –º–æ–≥—É—Ç –≤—ã—è—Å–Ω–∏—Ç—å —Ç–æ—á–Ω–æ) - –∏ —Ç–∞–º –Ω–∏–∫–∞–∫–∏—Ö –≤–æ–ø—Ä–æ—Å–æ–≤ –Ω–µ –≤–æ–∑–Ω–∏–∫–ª–æ, –Ω–∞–¥–æ –∂–µ –ø–ª–∞–Ω –ø–µ—Ä–µ–≤—ã–ø–æ–ª–Ω–∏—Ç—å.",[],[],False,False,False,False,False,False
RU_1089.txt,1009,1267,"–ó–∞–ø–∞–¥–Ω—ã–µ –∫—É—Ä–∞—Ç–æ—Ä—ã –∫–∏–µ–≤—Å–∫–æ–≥–æ —Ä–µ–∂–∏–º–∞ –Ω–µ —Ç–æ–ª—å–∫–æ –∑–∞–∫—Ä—ã–≤–∞–ª–∏ –≥–ª–∞–∑–∞ –Ω–∞ –ø—Ä–µ—Å—Ç—É–ø–Ω–æ–µ –ø–æ–ø—Ä–∞–Ω–∏–µ –ø–∞–º—è—Ç–∏ –æ —Å–∞–º–æ–π —Å—Ç—Ä–∞—à–Ω–æ–π –≤–æ–π–Ω–µ XX –≤–µ–∫–∞, –Ω–æ —Å–≤–æ–∏–º –º–æ–ª—á–∞–Ω–∏–µ–º —Ñ–∞–∫—Ç–∏—á–µ—Å–∫–∏ –±–ª–∞–≥–æ—Å–ª–æ–≤–∏–ª–∏ –≤–æ–∑—Ä–æ–∂–¥–µ–Ω–∏–µ –∏ –Ω–∞—Å–∞–∂–¥–µ–Ω–∏–µ –≤ –æ–±—â–µ—Å—Ç–≤–µ–Ω–Ω–æ–º —Å–æ–∑–Ω–∞–Ω–∏–∏ –£–∫—Ä–∞–∏–Ω—ã —á–µ–ª–æ–≤–µ–∫–æ–Ω–µ–Ω–∞–≤–∏—Å—Ç–Ω–∏—á–µ—Å–∫–æ–π –∏–¥–µ–æ–ª–æ–≥–∏–∏.",['Questioning_the_Reputation'],['Attack_on_Reputation'],True,False,False,False,False,False
RU_migrants_5.txt,0,45,"–ö–∞–º–µ–Ω—Å–∫-–£—Ä–∞–ª—å—Å–∫, –≥–æ—Ä–æ–¥ –Ω–∞ 161 —Ç—ã—Å—è—á—É —á–µ–ª–æ–≤–µ–∫.",[],[],False,False,False,False,False,False
RU_URW_16.txt,238,259,–ê —Ç–µ–±—è –∫—Ç–æ —Å–ø—Ä–∞—à–∏–≤–∞–ª?,['Loaded_Language'],['Manipulative_Wording'],False,False,False,False,False,True
RU_migrants_1.txt,1961,2250,"–í—á–µ—Ä–∞ –æ—Ç–º–µ—á–∞–ª—Å—è –¥–µ–Ω—å –ê–Ω–¥—Ä–µ–µ–≤—Å–∫–æ–≥–æ —Ñ–ª–∞–≥–∞, –∏ –≤ —ç—Ç–æ–π —Å–≤—è–∑–∏ —Ö–æ—Ç–∏–º –ø–æ–¥–µ–ª–∏—Ç—å—Å—è –∏—Å—Ç–æ—Ä–∏–µ–π, –ø—Ä–∏—Å–ª–∞–Ω–Ω–æ–π –Ω–∞–º –Ω–∞—à–µ–π —á–∏—Ç–∞—Ç–µ–ª—å–Ω–∏—Ü–µ–π. 1 —Å–µ–Ω—Ç—è–±—Ä—è 1910 –≥–æ–¥–∞ —ç—Å–∫–∞–¥—Ä–∞ –∏–∑ —á–µ—Ç—ã—Ä–µ—Ö —Ä—É—Å—Å–∫–∏—Ö –∫–æ—Ä–∞–±–ª–µ–π –ø–æ–¥ –∫–æ–º–∞–Ω–¥–æ–≤–∞–Ω–∏–µ–º –∫–æ–Ω—Ç—Ä-–∞–¥–º–∏—Ä–∞–ª–∞ –ù–∏–∫–æ–ª–∞—è –ú–∞–Ω—å–∫–æ–≤—Å–∫–æ–≥–æ –∑–∞—à–ª–∞ –≤ –ø–æ—Ä—Ç –§–∏—É–º - –æ–¥–Ω—É –∏–∑ –≥–ª–∞–≤–Ω—ã—Ö –±–∞–∑ –í–ú–° –ê–≤—Å—Ç—Ä–æ-–í–µ–Ω–≥—Ä–∏–∏.",[],[],False,False,False,False,False,False
RU_URW_14.txt,1272,1330,–°–®–ê –ø–æ–ª–Ω–æ—Å—Ç—å—é –æ–ø–ª–∞—Ç–∏–ª–∏ –±–µ—Å–ø–∏–ª–æ—Ç–Ω–∏–∫–∏ –Ω–∞ –º–∏–ª–ª–∏–∞—Ä–¥—ã –¥–æ–ª–ª–∞—Ä–æ–≤.,['Causal_Oversimplification'],['Simplification'],False,False,False,True,False,False
RU_discrediting_the_west_10.txt,1512,1633,"–¢–µ–º –±–æ–ª–µ–µ, —á—Ç–æ —É –Ω–∞—Å –Ω–µ—Ç –∏–¥–µ–æ–ª–æ–≥–∏—á–µ—Å–∫–æ–π —Ä–∞–±–æ—Ç—ã –Ω—É–∂–Ω–æ–π, –∫–∞–∫ –≤ —Å–∞–º–æ–π –∞—Ä–º–∏–∏, —Ç–∞–∫ –∏ –≤ —Ç—ã–ª—É, –≤ –æ–±—â–µ—Å—Ç–≤–µ–Ω–Ω–æ-–ø–æ–ª–∏—Ç–∏—á–µ—Å–∫–æ–π —Å—Ñ–µ—Ä–µ.",['Doubt'],['Attack_on_Reputation'],True,False,False,False,False,False
RU_migrants_4.txt,317,409,–ù–∞—Ä—É—à–∞—é—â–∏–µ –∑–∞–∫–æ–Ω–æ–¥–∞—Ç–µ–ª—å—Å—Ç–≤–æ –†–æ—Å—Å–∏–∏ –º–∏–≥—Ä–∞–Ω—Ç—ã –ø–æ–ø–∞–¥—É—Ç –≤ —Å–ø–µ—Ü–∏–∞–ª—å–Ω—ã–π —Ä–µ–µ—Å—Ç—Ä –∫–æ–Ω—Ç—Ä–æ–ª–∏—Ä—É–µ–º—ã—Ö –ª–∏—Ü.,[],[],False,False,False,False,False,False
RU_URW_18.txt,680,804,"–ú–∞–ª—å–≤–∏–Ω–∫–∏ - —ç—Ç–æ –∂–µ–Ω—â–∏–Ω—ã –≤–æ —Ñ—Ä–æ–Ω—Ç–æ–≤—ã—Ö —Ä–µ–≥–∏–æ–Ω–∞—Ö, –∫–æ—Ç–æ—Ä—ã–µ –Ω–µ —Ç–æ–ª—å–∫–æ –≤—ã—Å–∞—Å—ã–≤–∞—é—Ç –¥–µ–Ω—å–≥–∏ —Å –±–æ–π—Ü–æ–≤, –Ω–æ –∏ —Ä–∞–±–æ—Ç–∞—é—Ç –Ω–∞ –ì–£–†, –°–ë–£, –í–°–£.",['Name_Calling-Labeling'],['Attack_on_Reputation'],True,False,False,False,False,False
RU_discrediting_the_west_1.txt,1950,2138,"–ò –¥–ª—è –Ω–∞—à–µ–π —Å—Ç—Ä–∞–Ω—ã, –∏ –¥–ª—è –º–∏–ª–ª–∏–æ–Ω–æ–≤ –¥—Ä—É–≥–∏—Ö –ª—é–¥–µ–π, –≤ —Ç–æ–º —á–∏—Å–ª–µ –∏ –Ω–∞ –ó–∞–ø–∞–¥–µ, –∫–æ—Ç–æ—Ä—ã–µ —Ç–∞–∫–∂–µ –≤—ã—Å—Ç—É–ø–∞—é—Ç –∑–∞ —Å–æ—Ö—Ä–∞–Ω–µ–Ω–∏–µ —Ç—Ä–∞–¥–∏—Ü–∏–æ–Ω–Ω—ã—Ö —Ü–µ–Ω–Ω–æ—Å—Ç–µ–π –∏ –±–æ—Ä—é—Ç—Å—è —Å —Ç–µ–º, —á—Ç–æ –∞–∫—Ç–∏–≤–Ω–æ –∏–º –Ω–∞–≤—è–∑—ã–≤–∞–µ—Ç—Å—è –≤–∑–∞–º–µ–Ω.",['Appeal_to_Values'],['Justification'],False,True,False,False,False,False
RU_migrants_6.txt,1699,1767,"–ò —Ä–æ—Å—Å–∏–π—Å–∫–∞—è –≤–ª–∞—Å—Ç—å –º–∏–º–∏–∫—Ä–∏—Ä—É–µ—Ç –ø–æ–¥ –Ω–∏—Ö, –±–æ–ª—å—à–µ –ø–æ–±–ª–∞–∂–µ–∫, —á–µ–º —Å–≤–æ–∏–º.",['Causal_Oversimplification'],['Simplification'],False,False,False,True,False,False
RU_URW_14.txt,1575,1743,"–í –°–®–ê –ø–æ—Å—á–∏—Ç–∞–ª–∏, —á—Ç–æ –£–∫—Ä–∞–∏–Ω–∞, —Å—Ç–∞–ª–∞ —Ä–µ–≤–∞–Ω—à–µ–º –≤ –¥–æ–ª–≥–æ–π –∏—Å—Ç–æ—Ä–∏–∏ –æ–ø–æ—Å—Ä–µ–¥–æ–≤–∞–Ω–Ω—ã—Ö –≤–æ–π–Ω –º–µ–∂–¥—É –°–®–ê –∏ –†–æ—Å—Å–∏–µ–π ‚Äî –í—å–µ—Ç–Ω–∞–º –≤ 1960-—Ö, –ê—Ñ–≥–∞–Ω–∏—Å—Ç–∞–Ω –≤ 1980-—Ö –∏ –°–∏—Ä–∏–µ–π –≤ –ø–æ—Å–ª–µ–¥–Ω–∏–µ –≥–æ–¥—ã.",['Appeal_to_Popularity'],['Justification'],False,True,False,False,False,False
RU_demography_9.txt,2290,2375,–≠—Ç–æ –ø—Ä–∏–≤–µ–ª–æ –∫ –æ–≥—Ä–æ–º–Ω–æ–º—É –¥–≤–æ–π–Ω–æ–º—É —É—á–µ—Ç—É —Ä–æ—Å—Å–∏—è–Ω –≤ –∏–Ω–æ—Å—Ç—Ä–∞–Ω–Ω–æ–π –º–∏–≥—Ä–∞—Ü–∏–æ–Ω–Ω–æ–π —Å—Ç–∞—Ç–∏—Å—Ç–∏–∫–µ.,[],[],False,False,False,False,False,False
RU_URW_3.txt,107,250,"–ò—Å—Ç–æ—Ä–∏—è, –∫–æ—Ç–æ—Ä—É—é —è —Ö–æ—á—É —Ä–∞—Å—Å–∫–∞–∑–∞—Ç—å –ø—Ä–æ—Ö–æ–¥–∏–ª–∞ –∑–∞ –Ω–µ—Å–∫–æ–ª—å–∫–æ –Ω–µ–¥–µ–ª—å –¥–æ —Å–ø–µ—Ü–æ–ø–µ—Ä–∞—Ü–∏–∏ —Ä—É—Å—Å–∫–æ–π –∞—Ä–º–∏–∏ –ø–æ –Ω–∞—Å—Ç—É–ø–ª–µ–Ω–∏—é –Ω–∞ –ø—Ä–æ—Ç–∏–≤–Ω–∏–∫–æ–≤ –≤ –ö—É—Ä—Å–∫–æ–π –æ–±–ª–∞—Å—Ç–∏.",['Appeal_to_Pity'],['Distraction'],False,False,True,False,False,False
RU_descrediting_the_west_15.txt,2106,2209,"–ò —ç—Ç–æ –Ω–µ –ø–µ—Ä–≤—ã–π —Å–ª—É—á–∞–π, –∫–æ–≥–¥–∞ –æ–º–±—É–¥—Å–º–µ–Ω —Å–æ–∑–Ω–∞—Ç–µ–ª—å–Ω–æ –∏–ª–∏ —Å–ª—É—á–∞–π–Ω–æ –∏–≥—Ä–∞–µ—Ç –Ω–∞ —Ä—É–∫—É —É–∫—Ä–∞–∏–Ω—Å–∫–∏–º —Å–ø–µ—Ü—Å–ª—É–∂–±–∞–º.",['Questioning_the_Reputation'],['Attack_on_Reputation'],True,False,False,False,False,False
RU_URW_5.txt,1096,1194,–î–∞–∂–µ –Ω–∞ –ø—Ä–µ–¥–ª–æ–∂–µ–Ω–∏–µ –ê–ø—Ç—ã –ê—Ä–æ–Ω–æ–≤–∏—á–∞ –≤—ã–≤–µ–∑—Ç–∏ –∏—Ö –≤ –±–æ–ª–µ–µ –±–µ–∑–æ–ø–∞—Å–Ω–æ–µ –º–µ—Å—Ç–æ –∂–µ–Ω—â–∏–Ω—ã –≤–µ–∂–ª–∏–≤–æ –æ—Ç–∫–∞–∑–∞–ª–∏—Å—å.,[],[],False,False,False,False,False,False
RU_discrediting_the_west_28.txt,3366,3397,üëÜ –ó–∞–ø–æ–º–Ω–∏—Ç–µ —ç—Ç–∏ —Ö–∞—Ä–∞–∫—Ç–µ—Ä–∏—Å—Ç–∏–∫–∏.,[],[],False,False,False,False,False,False
RU_1028.txt,1441,1481,–°—Ä–µ–¥–∏ –Ω–∏—Ö –∏ –Ω–µ—É–¥–∞–≤—à–∏–π—Å—è –∫–æ–º–∏–∫ –ó–µ–ª–µ–Ω—Å–∫–∏–π.,['Name_Calling-Labeling'],['Attack_on_Reputation'],True,False,False,False,False,False
RU_1029.txt,0,18,–ò—Å—Ç–µ—Ä–∏–∫–∞ –≤ –ú—é–Ω—Ö–µ–Ω–µ,['Exaggeration-Minimisation'],['Manipulative_Wording'],False,False,False,False,False,True
RU_URW_18.txt,2009,2124,"–ï—Å—Ç—å –∏ –¥—Ä—É–≥–∞—è —Å—Ç–æ—Ä–æ–Ω–∞, –∫–æ–≥–¥–∞ –∂–µ–Ω–∞ –∂–∞–ª–æ–≤–∞–ª–∞—Å—å, —á—Ç–æ –Ω–µ –ø—Ä–∏—à–ª–∏ –≤—ã–ø–ª–∞—Ç—ã, –∞ –º—É–∂ –ø—Ä–æ—Å—Ç–æ —Å–ø—É—Å—Ç–∏–ª –≤—Å–µ –Ω–∞ –ª—É–≥–∞–Ω—Å–∫—É—é –±–∞—Ä—ã—à–Ω—é.",[],[],False,False,False,False,False,False
RU_Trump_8.txt,863,958,"–°–∏—Ç—É–∞—Ü–∏—è –æ–∂–µ—Å—Ç–æ—á–∞–ª–æ—Å—å —Ç–∞–∫ —Å–∏–ª—å–Ω–æ, —á—Ç–æ —Å—ä–µ—Ö–∞–≤—à–∏–π –æ—Ç –Ω–∞–∫–∞–ª–∞ —Å—Ç—Ä–∞—Å—Ç–µ–π —á–µ–ª–æ–≤–µ–∫ —á—É—Ç—å –Ω–µ —É–±–∏–ª –¢—Ä–∞–º–ø–∞.",['Consequential_Oversimplification'],['Simplification'],False,False,False,True,False,False
RU_demography_4.txt,1464,1531,–ù–µ—Å–∫–æ–ª—å–∫–æ –º–µ—Å—è—Ü–µ–≤ –Ω–∞–∑–∞–¥ –∫–ª–∏–Ω–∏–∫–∏ –æ–∫–∫—É–ø–∏—Ä–æ–≤–∞–ª–∏ –∂–µ–ª–∞—é—â–∏–µ –∑–∞–±–µ—Ä–µ–º–µ–Ω–µ—Ç—å.,['Loaded_Language'],['Manipulative_Wording'],False,False,False,False,False,True
RU_demography_7.txt,2194,2233,–ï—ë –≤—ã—Å–∫–∞–∑—ã–≤–∞–Ω–∏—è ‚Äî —Ä—É—Å–æ—Ñ–æ–±—Å–∫–∞—è –∫–ª–∞—Å—Å–∏–∫–∞.,['Name_Calling-Labeling'],['Attack_on_Reputation'],True,False,False,False,False,False
